{"cameraMode":{"drawMode":0,"name":"Shaded","section":"Shading Mode"},"sceneLighting":false,"audioPlay":false,"sceneViewState":{"showFog":true,"showMaterialUpdate":true,"showSkybox":false,"showFlares":true,"showImageEffects":true,"showParticleSystems":true},"in2DMode":false,"pivot":{"x":3.650784492492676e-7,"y":0.4392598867416382,"z":1.9906460046768189},"rotation":{"x":0.057361386716365817,"y":0.5975030660629273,"z":-0.04291640967130661,"w":0.7986682057380676},"size":0.30427584052085879,"orthographic":false}