{"cameraMode":{"drawMode":0,"name":"Shaded","section":"Shading Mode"},"sceneLighting":false,"audioPlay":false,"sceneViewState":{"showFog":true,"showMaterialUpdate":true,"showSkybox":true,"showFlares":true,"showImageEffects":true,"showParticleSystems":true},"in2DMode":false,"pivot":{"x":961.1612548828125,"y":670.6302490234375,"z":-21.288467407226564},"rotation":{"x":0.04716547206044197,"y":0.14660152792930604,"z":-0.007000491954386234,"w":0.9880523085594177},"size":959.8299560546875,"orthographic":false}